,age_0.0,age_1.0,age_2.0,anaemia_True,creatinine_phosphokinase_0.0,creatinine_phosphokinase_1.0,creatinine_phosphokinase_2.0,diabetes_True,ejection_fraction_0.0,ejection_fraction_1.0,ejection_fraction_2.0,high_blood_pressure_True,platelets_0.0,platelets_1.0,platelets_2.0,serum_creatinine_0.0,serum_creatinine_1.0,serum_creatinine_2.0,serum_sodium_0.0,serum_sodium_1.0,serum_sodium_2.0,sex_True,smoking_True,time_0.0,time_1.0,time_2.0,DEATH_EVENT
count,299.0,299.0,299.0,299.0,299.0,299.0,299.0,299.0,299.0,299.0,299.0,299.0,299.0,299.0,299.0,299.0,299.0,299.0,299.0,299.0,299.0,299.0,299.0,299.0,299.0,299.0,299.0
mean,0.3177257525083612,0.2976588628762542,0.38461538461538464,0.431438127090301,0.33444816053511706,0.29431438127090304,0.3712374581939799,0.4180602006688963,0.3110367892976589,0.2976588628762542,0.391304347826087,0.3511705685618729,0.3311036789297659,0.33444816053511706,0.33444816053511706,0.2709030100334448,0.391304347826087,0.3377926421404682,0.3311036789297659,0.2608695652173913,0.4080267558528428,0.6488294314381271,0.3210702341137124,0.33444816053511706,0.32441471571906355,0.3411371237458194,0.3210702341137124
std,0.4663727428508019,0.457995197961452,0.48731985406425216,0.4961072681330793,0.4725881329917115,0.45649795624321254,0.4839457584437177,0.49406706510360904,0.46369387391804073,0.457995197961452,0.4888604448903065,0.47813637906274475,0.47139923014473717,0.47258813299171154,0.47258813299171154,0.44517116905299464,0.4888604448903065,0.473750363084675,0.47139923014473717,0.4398450532279966,0.49229204987382275,0.47813637906274475,0.46767042805677167,0.4725881329917115,0.4689405901584519,0.4748861162593201,0.46767042805677167
min,0.0,0.0,0.0,0.0,0.0,0.0,0.0,0.0,0.0,0.0,0.0,0.0,0.0,0.0,0.0,0.0,0.0,0.0,0.0,0.0,0.0,0.0,0.0,0.0,0.0,0.0,0.0
25%,0.0,0.0,0.0,0.0,0.0,0.0,0.0,0.0,0.0,0.0,0.0,0.0,0.0,0.0,0.0,0.0,0.0,0.0,0.0,0.0,0.0,0.0,0.0,0.0,0.0,0.0,0.0
50%,0.0,0.0,0.0,0.0,0.0,0.0,0.0,0.0,0.0,0.0,0.0,0.0,0.0,0.0,0.0,0.0,0.0,0.0,0.0,0.0,0.0,1.0,0.0,0.0,0.0,0.0,0.0
75%,1.0,1.0,1.0,1.0,1.0,1.0,1.0,1.0,1.0,1.0,1.0,1.0,1.0,1.0,1.0,1.0,1.0,1.0,1.0,1.0,1.0,1.0,1.0,1.0,1.0,1.0,1.0
max,1.0,1.0,1.0,1.0,1.0,1.0,1.0,1.0,1.0,1.0,1.0,1.0,1.0,1.0,1.0,1.0,1.0,1.0,1.0,1.0,1.0,1.0,1.0,1.0,1.0,1.0,1.0
