,age_0.0,age_1.0,age_2.0,anaemia_True,creatinine_phosphokinase_0.0,creatinine_phosphokinase_1.0,creatinine_phosphokinase_2.0,diabetes_True,ejection_fraction_0.0,ejection_fraction_1.0,ejection_fraction_2.0,high_blood_pressure_True,platelets_0.0,platelets_1.0,platelets_2.0,serum_creatinine_0.0,serum_creatinine_1.0,serum_creatinine_2.0,serum_sodium_0.0,serum_sodium_1.0,serum_sodium_2.0,sex_True,smoking_True,time_0.0,time_1.0,time_2.0,DEATH_EVENT
count,299.0,299.0,299.0,299.0,299.0,299.0,299.0,299.0,299.0,299.0,299.0,299.0,299.0,299.0,299.0,299.0,299.0,299.0,299.0,299.0,299.0,299.0,299.0,299.0,299.0,299.0,299.0
mean,0.4180602006688963,0.4816053511705686,0.10033444816053512,0.431438127090301,0.9665551839464883,0.023411371237458192,0.010033444816053512,0.4180602006688963,0.47491638795986624,0.40468227424749165,0.12040133779264214,0.3511705685618729,0.7324414715719063,0.25752508361204013,0.010033444816053512,0.959866220735786,0.030100334448160536,0.010033444816053512,0.013377926421404682,0.451505016722408,0.5351170568561873,0.6488294314381271,0.3210702341137124,0.4214046822742475,0.2842809364548495,0.29431438127090304,0.3210702341137124
std,0.494067065103609,0.5004991784431575,0.3009490946451432,0.4961072681330793,0.18009646780635405,0.15145957000721716,0.09983038745913526,0.49406706510360904,0.500207584122587,0.49165330181072475,0.32597582896900473,0.47813637906274475,0.4434282162563901,0.4380040473667345,0.09983038745913526,0.19660196091682394,0.17114985182117823,0.09983038745913526,0.11507931747181942,0.49847695127047,0.49960142134650004,0.47813637906274475,0.46767042805677167,0.49461194209864506,0.45182746158024334,0.4564979562432126,0.46767042805677167
min,0.0,0.0,0.0,0.0,0.0,0.0,0.0,0.0,0.0,0.0,0.0,0.0,0.0,0.0,0.0,0.0,0.0,0.0,0.0,0.0,0.0,0.0,0.0,0.0,0.0,0.0,0.0
25%,0.0,0.0,0.0,0.0,1.0,0.0,0.0,0.0,0.0,0.0,0.0,0.0,0.0,0.0,0.0,1.0,0.0,0.0,0.0,0.0,0.0,0.0,0.0,0.0,0.0,0.0,0.0
50%,0.0,0.0,0.0,0.0,1.0,0.0,0.0,0.0,0.0,0.0,0.0,0.0,1.0,0.0,0.0,1.0,0.0,0.0,0.0,0.0,1.0,1.0,0.0,0.0,0.0,0.0,0.0
75%,1.0,1.0,0.0,1.0,1.0,0.0,0.0,1.0,1.0,1.0,0.0,1.0,1.0,1.0,0.0,1.0,0.0,0.0,0.0,1.0,1.0,1.0,1.0,1.0,1.0,1.0,1.0
max,1.0,1.0,1.0,1.0,1.0,1.0,1.0,1.0,1.0,1.0,1.0,1.0,1.0,1.0,1.0,1.0,1.0,1.0,1.0,1.0,1.0,1.0,1.0,1.0,1.0,1.0,1.0
