,age_40.0:55.0,age_55.0:65.0,age_65.0:95.0,anaemia_True,creatinine_phosphokinase_145.33:582.0,creatinine_phosphokinase_23.0:145.33,creatinine_phosphokinase_582.0:7861.0,diabetes_True,ejection_fraction_14.0:35.0,ejection_fraction_35.0:40.0,ejection_fraction_40.0:80.0,high_blood_pressure_True,platelets_226000.0:278333.33,platelets_25100.0:226000.0,platelets_278333.33:850000.0,serum_creatinine_0.5:1.0,serum_creatinine_1.0:1.3,serum_creatinine_1.3:9.4,serum_sodium_113.0:136.0,serum_sodium_136.0:138.0,serum_sodium_138.0:148.0,sex_True,smoking_True,time_186.0:285.0,time_4.0:86.33,time_86.33:186.0,DEATH_EVENT
count,299.0,299.0,299.0,299.0,299.0,299.0,299.0,299.0,299.0,299.0,299.0,299.0,299.0,299.0,299.0,299.0,299.0,299.0,299.0,299.0,299.0,299.0,299.0,299.0,299.0,299.0,299.0
mean,0.3177257525083612,0.2976588628762542,0.38461538461538464,0.431438127090301,0.29431438127090304,0.33444816053511706,0.3712374581939799,0.4180602006688963,0.3110367892976589,0.2976588628762542,0.391304347826087,0.3511705685618729,0.33444816053511706,0.3311036789297659,0.33444816053511706,0.2709030100334448,0.391304347826087,0.3377926421404682,0.3311036789297659,0.2608695652173913,0.4080267558528428,0.6488294314381271,0.3210702341137124,0.3411371237458194,0.33444816053511706,0.32441471571906355,0.3210702341137124
std,0.4663727428508019,0.457995197961452,0.48731985406425216,0.4961072681330793,0.45649795624321254,0.4725881329917115,0.4839457584437177,0.49406706510360904,0.46369387391804073,0.457995197961452,0.4888604448903065,0.47813637906274475,0.47258813299171154,0.47139923014473717,0.47258813299171154,0.44517116905299464,0.4888604448903065,0.473750363084675,0.47139923014473717,0.4398450532279966,0.49229204987382275,0.47813637906274475,0.46767042805677167,0.4748861162593201,0.4725881329917115,0.4689405901584519,0.46767042805677167
min,0.0,0.0,0.0,0.0,0.0,0.0,0.0,0.0,0.0,0.0,0.0,0.0,0.0,0.0,0.0,0.0,0.0,0.0,0.0,0.0,0.0,0.0,0.0,0.0,0.0,0.0,0.0
25%,0.0,0.0,0.0,0.0,0.0,0.0,0.0,0.0,0.0,0.0,0.0,0.0,0.0,0.0,0.0,0.0,0.0,0.0,0.0,0.0,0.0,0.0,0.0,0.0,0.0,0.0,0.0
50%,0.0,0.0,0.0,0.0,0.0,0.0,0.0,0.0,0.0,0.0,0.0,0.0,0.0,0.0,0.0,0.0,0.0,0.0,0.0,0.0,0.0,1.0,0.0,0.0,0.0,0.0,0.0
75%,1.0,1.0,1.0,1.0,1.0,1.0,1.0,1.0,1.0,1.0,1.0,1.0,1.0,1.0,1.0,1.0,1.0,1.0,1.0,1.0,1.0,1.0,1.0,1.0,1.0,1.0,1.0
max,1.0,1.0,1.0,1.0,1.0,1.0,1.0,1.0,1.0,1.0,1.0,1.0,1.0,1.0,1.0,1.0,1.0,1.0,1.0,1.0,1.0,1.0,1.0,1.0,1.0,1.0,1.0
