,age_40.0:58.33,age_58.33:76.67,age_76.67:95.0,anaemia_True,creatinine_phosphokinase_23.0:2635.67,creatinine_phosphokinase_2635.67:5248.33,creatinine_phosphokinase_5248.33:7861.0,diabetes_True,ejection_fraction_14.0:36.0,ejection_fraction_36.0:58.0,ejection_fraction_58.0:80.0,high_blood_pressure_True,platelets_25100.0:300066.67,platelets_300066.67:575033.33,platelets_575033.33:850000.0,serum_creatinine_0.5:3.47,serum_creatinine_3.47:6.43,serum_creatinine_6.43:9.4,serum_sodium_113.0:124.67,serum_sodium_124.67:136.33,serum_sodium_136.33:148.0,sex_True,smoking_True,time_191.33:285.0,time_4.0:97.67,time_97.67:191.33,DEATH_EVENT
count,299.0,299.0,299.0,299.0,299.0,299.0,299.0,299.0,299.0,299.0,299.0,299.0,299.0,299.0,299.0,299.0,299.0,299.0,299.0,299.0,299.0,299.0,299.0,299.0,299.0,299.0,299.0
mean,0.4180602006688963,0.4816053511705686,0.10033444816053512,0.431438127090301,0.9665551839464883,0.023411371237458192,0.010033444816053512,0.4180602006688963,0.47491638795986624,0.40468227424749165,0.12040133779264214,0.3511705685618729,0.7324414715719063,0.25752508361204013,0.010033444816053512,0.959866220735786,0.030100334448160536,0.010033444816053512,0.013377926421404682,0.451505016722408,0.5351170568561873,0.6488294314381271,0.3210702341137124,0.29431438127090304,0.4214046822742475,0.2842809364548495,0.3210702341137124
std,0.494067065103609,0.5004991784431575,0.3009490946451432,0.4961072681330793,0.18009646780635405,0.15145957000721716,0.09983038745913526,0.49406706510360904,0.500207584122587,0.49165330181072475,0.32597582896900473,0.47813637906274475,0.4434282162563901,0.4380040473667345,0.09983038745913526,0.19660196091682394,0.17114985182117823,0.09983038745913526,0.11507931747181942,0.49847695127047,0.49960142134650004,0.47813637906274475,0.46767042805677167,0.4564979562432126,0.49461194209864506,0.45182746158024334,0.46767042805677167
min,0.0,0.0,0.0,0.0,0.0,0.0,0.0,0.0,0.0,0.0,0.0,0.0,0.0,0.0,0.0,0.0,0.0,0.0,0.0,0.0,0.0,0.0,0.0,0.0,0.0,0.0,0.0
25%,0.0,0.0,0.0,0.0,1.0,0.0,0.0,0.0,0.0,0.0,0.0,0.0,0.0,0.0,0.0,1.0,0.0,0.0,0.0,0.0,0.0,0.0,0.0,0.0,0.0,0.0,0.0
50%,0.0,0.0,0.0,0.0,1.0,0.0,0.0,0.0,0.0,0.0,0.0,0.0,1.0,0.0,0.0,1.0,0.0,0.0,0.0,0.0,1.0,1.0,0.0,0.0,0.0,0.0,0.0
75%,1.0,1.0,0.0,1.0,1.0,0.0,0.0,1.0,1.0,1.0,0.0,1.0,1.0,1.0,0.0,1.0,0.0,0.0,0.0,1.0,1.0,1.0,1.0,1.0,1.0,1.0,1.0
max,1.0,1.0,1.0,1.0,1.0,1.0,1.0,1.0,1.0,1.0,1.0,1.0,1.0,1.0,1.0,1.0,1.0,1.0,1.0,1.0,1.0,1.0,1.0,1.0,1.0,1.0,1.0
