,age,anaemia,creatinine_phosphokinase,diabetes,ejection_fraction,high_blood_pressure,platelets,serum_creatinine,serum_sodium,sex,smoking,time,DEATH_EVENT
count,299.0,299.0,299.0,299.0,299.0,299.0,299.0,299.0,299.0,299.0,299.0,299.0,299.0
mean,60.83389297658862,0.431438127090301,581.8394648829432,0.4180602006688963,38.08361204013378,0.3511705685618729,263358.02926421404,1.3938795986622072,136.62541806020067,0.6488294314381271,0.3210702341137124,130.2608695652174,0.3210702341137124
std,11.89480907404447,0.4961072681330793,970.2878807124362,0.49406706510360904,11.834840741039171,0.47813637906274475,97804.2368685983,1.0345100640898541,4.412477283909235,0.47813637906274475,0.46767042805677167,77.61420795029339,0.46767042805677167
min,40.0,0.0,23.0,0.0,14.0,0.0,25100.0,0.5,113.0,0.0,0.0,4.0,0.0
25%,51.0,0.0,116.5,0.0,30.0,0.0,212500.0,0.9,134.0,0.0,0.0,73.0,0.0
50%,60.0,0.0,250.0,0.0,38.0,0.0,262000.0,1.1,137.0,1.0,0.0,115.0,0.0
75%,70.0,1.0,582.0,1.0,45.0,1.0,303500.0,1.4,140.0,1.0,1.0,203.0,1.0
max,95.0,1.0,7861.0,1.0,80.0,1.0,850000.0,9.4,148.0,1.0,1.0,285.0,1.0
