,age,anaemia,creatinine_phosphokinase,diabetes,ejection_fraction,high_blood_pressure,platelets,serum_creatinine,serum_sodium,sex,smoking,time,DEATH_EVENT
count,299.0,299.0,299.0,299.0,299.0,299.0,299.0,299.0,299.0,299.0,299.0,299.0,299.0
mean,50.47210435870245,0.48770970987301854,270.79874649917065,0.4576093754248579,31.390719743317835,0.41747559616064384,210013.16520134866,1.1107866329499416,112.65493379014055,0.6382113821138212,0.3773418168964298,107.37065285368573,0.3673083720803763
std,25.576572439302996,0.4578446079827214,278.16724133382513,0.4560375511267102,17.75653572033304,0.45048874865555844,120067.22473218496,0.4737448747030949,52.205469433648,0.436585335370806,0.4412229896705949,85.71826249417286,0.438300229217846
min,0.6382113821138211,0.0,0.6382113821138211,0.0,0.6382113821138211,0.0,0.6382113821138211,0.6,0.6382113821138211,0.0,0.0,0.6382113821138211,0.0
25%,45.0,0.0,65.0,0.0,25.0,0.0,153000.0,0.775,132.0,0.0,0.0,25.0,0.0
50%,58.0,0.6382113821138211,154.0,0.6382113821138211,35.0,0.0,235000.0,1.0,136.0,1.0,0.0,91.0,0.0
75%,66.5,1.0,574.5,1.0,40.0,1.0,281500.0,1.3,139.0,1.0,1.0,187.0,1.0
max,95.0,1.0,1202.0,1.0,65.0,1.0,461000.0,3.0,148.0,1.0,1.0,285.0,1.0
