,age,anaemia,creatinine_phosphokinase,diabetes,ejection_fraction,high_blood_pressure,platelets,serum_creatinine,serum_sodium,sex,smoking,time,DEATH_EVENT
count,299.0,299.0,299.0,299.0,299.0,299.0,299.0,299.0,299.0,299.0,299.0,299.0,299.0
mean,60.53623411371237,0.431438127090301,382.3745819397993,0.4180602006688963,37.424749163879596,0.3511705685618729,257183.78177257525,1.175351170568562,136.80936454849498,0.6488294314381271,0.3210702341137124,130.2608695652174,0.3210702341137124
std,11.232729206574346,0.4961072681330793,302.1915480299663,0.49406706510360904,10.277534119189207,0.47813637906274475,67525.39951380719,0.33194180640977555,3.633426923110552,0.47813637906274475,0.46767042805677167,77.61420795029339,0.46767042805677167
min,40.0,0.0,23.0,0.0,20.0,0.0,147000.0,0.6,130.0,0.0,0.0,4.0,0.0
25%,51.0,0.0,116.5,0.0,30.0,0.0,212500.0,0.9,134.0,0.0,0.0,73.0,0.0
50%,60.0,0.0,250.0,0.0,38.0,0.0,262000.0,1.1,137.0,1.0,0.0,115.0,0.0
75%,70.0,1.0,582.0,1.0,45.0,1.0,303500.0,1.4,140.0,1.0,1.0,203.0,1.0
max,82.0,1.0,910.0,1.0,55.0,1.0,371000.0,1.7,144.0,1.0,1.0,285.0,1.0
