{"OverSample": [0.9992207792207792, 0.9432913269088213], "OverSample with FS": [0.9992207792207792, 0.9429206819866568]}