{"SMOTE": [0.9993939393939394, 0.9403261675315048], "SMOTE with FS": [0.9993939393939394, 0.9425500370644923]}