{"UnderSample": [1.0, 0.9347664936990363], "UnderSample with FS": [1.0, 0.933283914010378]}