{"Original": [0.9992055926278995, 0.9458858413639734], "Original with FS": [0.9817286304416905, 0.9414381022979985]}